Workbook

Sheet 表紙
B2: ドメインモデル中心 開発ハーネス
B3: 組み込み一覧と簡易マニュアル（Claude Code 用・言語非依存）
B5: このハーネスは何か
B6: ・『現場で役立つシステム設計の原則』の考え方を、要件定義からリリースまでの全工程で Claude Code に守らせる仕組み。
B7: ・工程の順序（要件→用語集→設計→実装→テスト→リリース）をフックで強制し、書いたコードを設計原則（P01–P35）で自動チェックする。
B8: ・機械で判定できない部分は、工程ごとのスキル（手順書）とサブエージェント（レビュー・モデリング・テスト設計・教育）が担う。
B9: ・Java/Kotlin・TypeScript・Python・Go・C#・PHP・Ruby・SQL に対応。既存アプリにも段階導入できる。
B11: 組み込んだもの（件数）
B12: 設計原則 | C12: P01–P35。書籍の各章を検査・レビューできる単位にしたもの | D12: =COUNTA(原則一覧!A:A)-1 -> 35
B13: 自動チェックルール | C13: 言語パック＋組み込み（依存方向・SQL 含む） | D13: =COUNTA(ルール一覧!B:B)-1 -> 92
B14: うちエラー（修正させる） | C14: 書き込み直後にブロックされる | D14: =COUNTIF(ルール一覧!E:E,"エラー") -> 39
B15: うち警告 | C15: Claude に判断材料として伝える | D15: =COUNTIF(ルール一覧!E:E,"警告") -> 53
B16: スキル | C16: 工程スキル 6 ＋ 補助スキル 6 | D16: =COUNTA(スキル一覧!A:A)-1 -> 12
B17: サブエージェント | C17: モデリング・レビュー・テスト設計・教育 | D17: =COUNTA(エージェント一覧!A:A)-1 -> 4
B18: フック | C18: SessionStart / PreToolUse / PostToolUse / Stop | D18: =COUNTA(フック一覧!B:B)-1 -> 5
B19: CLI コマンド | C19: python3 .claude/harness/harness.py <コマンド> | D19: =COUNTA(コマンド一覧!B:B)-1 -> 12
B20: 書籍の項目カバー | C20: 目次の各項目 → ハーネスの対応箇所 | D20: =COUNTA(書籍対応表!B:B)-1 -> 83
B22: シートの案内
B23: 作業別ガイド | C23: 【マニュアル】どの作業で、どのスキル・エージェント・コマンドを使うか
B24: 導入手順 | C24: 【マニュアル】新規／既存アプリへの入れ方
B25: 困ったとき | C25: 【マニュアル】フックに止められた・誤検出などの対処
B26: スキル一覧 | C26: スキル 12 種の用途・使う場面・出力
B27: エージェント一覧 | C27: サブエージェント 4 種の役割・使う場面
B28: フック一覧 | C28: 自動で動く仕組みと止める条件、強さの設定
B29: 原則一覧 | C29: P01–P35 と強制手段、原則ごとのルール数
B30: ルール一覧 | C30: 自動チェックルールの全件（言語・重大度・対象レイヤ）
B31: 言語別集計 | C31: 言語パックごとのルール数（エラー／警告）
B32: コマンド一覧 | C32: CLI の全コマンド
B33: 設定項目 | C33: harness.yaml で変えられる項目と既定値
B34: 書籍対応表 | C34: 書籍の目次の各項目がどこで扱われているか
B35: ファイル構成 | C35: 同梱ファイルの説明
B37: 凡例: 強制手段 G=gate（書き込み前）/ L=lint（書き込み直後）/ A=依存方向チェック / T=trace（整合性）/ R=design-reviewer / S=スキルの手順
B38: コマンドは python3 .claude/harness/harness.py <コマンド> の <コマンド> 部分を記載（表中では harness と略記）

Sheet 作業別ガイド
A1: Claude への頼み方: スキルは「/p1-req」のように入力するか、作業内容を話せば自動で選ばれる。エージェントは「design-reviewer でレビューして」のように名前で依頼する。
A3: 場面・工程 | B3: やりたい作業 | C3: 使うスキル | D3: 使うエージェント | E3: コマンド（harness ...） | F3: 主な成果物 | G3: 自動で効く仕組み | H3: ポイント
A4: 導入 | B4: 新規アプリにハーネスを入れる | C4: — | D4: — | E4: harness init | F4: harness.yaml | G4: — | H4: 生成された harness.yaml（言語・レイヤ・verify 手順）を必ず目視確認する
A5: 導入 | B5: 既存アプリにハーネスを入れる | C5: —（後で /refactor） | D5: — | E5: harness init → harness baseline → harness scaffold-model | F5: .harness-baseline.json、domain.yaml（todo 付き） | G5: 段階導入モード（ゲートは警告のみ） | H5: 用語集の todo を埋め終えたら enforcement を deny に上げる
A6: 業務理解 | B6: 業務担当者へのヒアリング準備・議事メモの整理 | C6: /domain-discovery | D6: domain-modeler | E6: — | F6: docs/model/glossary-inbox.md | G6: — | H6: 「普通の1件」を最初から最後まで聞く。例外・境界・理由を聞く
A7: 業務理解 | B7: 既存資料・帳票・画面から用語を拾う | C7: /domain-discovery | D7: domain-modeler | E7: — | F7: glossary-inbox.md | G7: — | H7: 資料は言葉を拾う素材。重要度はヒアリングで決める
A8: 01 要件定義 | B8: 新機能・改修の要件をまとめる | C8: /p1-req | D8: design-reviewer | E8: harness trace | F8: docs/requirements/REQ-xxx.yaml | G8: trace（書式・用語・受入基準） | H8: open_questions が空になりユーザーが同意するまで approved にしない
A9: 01 要件定義 | B9: 非機能要件（性能・冪等性など）を決める | C9: /p1-req | D9: test-designer | E9: — | F9: REQ の non_functional（NFR-xxx-xx） | G9: trace（NFR とテストの紐付け） | H9: テストで表現できるものは verify_by: test
A10: 02 モデル | B10: 用語集・ドメインモデルを作る/育てる | C10: /p2-model（前段に /domain-discovery） | D10: domain-modeler → design-reviewer | E10: harness trace / harness overview | F10: docs/model/domain.yaml | G10: gate（モデル先行）、trace | H10: ヒト・モノ・コトで分類し、コトに約束（do/dont）を書く。振る舞いから先に
A11: 03 設計 | B11: ユースケース・シナリオを設計する | C11: /p3-design | D11: design-reviewer | E11: — | F11: docs/design/REQ-xxx.md | G11: trace --strict（設計書の有無） | H11: サービスは登録系/参照系に分け、シナリオで組み立てる
A12: 03 設計 | B12: 画面を設計する | C12: /ui-design | D12: design-reviewer | E12: — | F12: design.md「画面」節 | G12: lint（画面の計算・状態コード比較） | H12: 1画面1タスク。表示の判断はドメインに
A13: 03 設計 | B13: API・外部連携を設計する | C13: /api-design | D13: design-reviewer | E13: — | F13: design.md「外部との契約」節、OpenAPI | G13: lint（ドメインのシリアライズ依存） | H13: 連携方式を目的で選ぶ。導出結果か生データかを明記
A14: 03 設計 | B14: テーブル・マイグレーションを設計する | C14: /db-design | D14: design-reviewer | E14: harness lint <sql> | F14: design.md「永続化」節、マイグレーション | G14: lint（NULL・FK・カラム追加・UPDATE） | H14: 記録のタイミングで分ける。UPDATE せず追記、状態は導出
... A26: 設定 | B26: 当てはまらない原則を外す・閾値を変える | C26: — | D26: — | E26: — | F26: harness.yaml | G26: — | H26: 例: DB を持たないアプリは principles.disabled: [P17, P18, P19]

Sheet 導入手順
A1: 手順5・6は既存アプリのみ。新規アプリは 1→2→3→4→8→9。
A3: 手順 | B3: 作業 | C3: 内容 | D3: コマンド
A4: 1 | B4: ファイルを配置 | C4: zip の .claude/ と CLAUDE.md をリポジトリのルートへ（既存の CLAUDE.md・settings.json はマージ）。CI を使うなら .github/workflows/ も | D4: —
A5: 2 | B5: 依存を入れる | C5: Python 3.10 以上で pip install pyyaml | D5: pip install pyyaml
A6: 3 | B6: スタック検出 | C6: 言語・レイヤ配置・verify 手順・import 接頭辞を検出して harness.yaml を生成 | D6: python3 .claude/harness/harness.py init
A7: 4 | B7: 設定を確認 | C7: harness.yaml の languages / architecture / verify.steps を目視確認し、必要なら修正 | D7: —
A8: 5 | B8: （既存アプリのみ）現状を凍結 | C8: 既存の違反を .harness-baseline.json に記録してコミット | D8: harness baseline
A9: 6 | B9: （既存アプリのみ）用語集の下書き | C9: domain の型を todo 付きで domain.yaml に登録し、業務の呼び名・定義を埋める | D9: harness scaffold-model
A10: 7 | B10: （任意）構造テストのアダプタ | C10: ArchUnit / ESLint / import-linter / deptrac を追加（.claude/harness/adapters/README.md） | D10: —
A11: 8 | B11: 動作確認 | C11: 自己テストと現状確認 | D11: harness selftest / harness status
A12: 9 | B12: 開始 | C12: claude を起動（SessionStart で現在の工程が表示される）→ /p1-req から | D12: claude

Sheet 困ったとき
A1: 症状 | B1: 原因 | C1: 対処
A2: Bash でファイルを書こうとしたら拒否された | B2: リダイレクト・sed -i 等でソースコードや要件を書き換えようとした | C2: Edit / Write ツールで変更する（検査を通すため）。プロジェクト外（/tmp 等）やログへの出力は対象外
A3: 要件を approved にしようとしたら確認が出た | B3: 要件の承認はユーザーが行う決まり | C3: 内容を確認して許可する。自動化したい場合のみ enforcement.approval: off
A4: harness-allow を書いたのに違反が消えない | B4: 参照している ADR が docs/adr/ に無い | C4: ADR を docs/adr/ADR-xxxx-*.md として作成する（番号が一致すれば有効）
A5: 画面から API クライアントを import したらエラーになった | B5: エイリアス（@/）が未設定、または lib/api が infrastructure に割り当てられている | C5: harness.yaml の architecture.aliases と、lib/api を application に割り当てる paths を確認（init --force で再検出可）
A6: 本番コードを書こうとしたら「工程ゲート」で拒否された | B6: 承認済み（approved かつ open_questions 無し）の要件、または用語集が無い | C6: /p1-req・/p2-model を先に実施。既存アプリなら enforcement.phase_gate: warn で段階導入
A7: 「モデル先行(P23)」で拒否された | B7: domain に作ろうとした型が用語集（domain.yaml）に無い | C7: 既存用語の名前を使う。新しい概念なら /p2-model で用語を追加（ユーザー確認）
A8: 書き込み後に lint でブロックされた | B8: 原則違反（エラー）を検出 | C8: メッセージの原則ID（harness explain Pxx）に沿って直す。意図的なら ADR を書き harness-allow: Pxx ADR-xxxx
A9: 既存コードで警告・エラーが大量に出る | B9: 導入前からの違反 | C9: harness baseline で凍結し、新規の違反だけを対象にする。触ったファイルから /refactor で減らす
A10: Claude が終了しようとすると止められる | B10: Stop フックが trace のエラーを検出 | C10: 表示されたエラーを解消。段階導入中は enforcement.stop_check: warn
A11: git tag / npm publish が拒否された | B11: verify 未実行・失敗、HEAD が変わった、未コミット、リリースノートが無い | C11: コミット → harness verify → docs/releases/vX.Y.Z.md → 再度 verify → タグ
A12: ハーネスのファイルを編集しようとすると確認が出る | B12: 保護対象（protected） | C12: ルールを弱める変更でないか確認して承認。恒常的な変更は harness.yaml で
... A17: PyYAML が無いと言われる | B17: 依存パッケージ未導入 | C17: pip install pyyaml

Sheet スキル一覧
A1: スキル | B1: 種別 | C1: 工程 | D1: 書籍の章 | E1: 使う場面・きっかけ | F1: 主な出力 | G1: 説明（Claude が選ぶ基準） | H1: 参照資料
A2: /p1-req | B2: 工程 | C2: 01 要件定義 | D2: 全体 | E2: 新機能・改修の相談、「要件をまとめて」 | F2: docs/requirements/REQ-xxx.yaml | G2: 工程01 要件定義。業務の関心事・業務ルール・受入基準を docs/requirements/REQ-xxx.yaml にまとめる。新機能・改修の相談、「要件をまとめて」「何を作るか整理」などで使う。
A3: /p2-model | B3: 工程 | C3: 02 ドメインモデル | D3: 4 | E3: 用語の整理、実装中に新しい概念が出たとき | F3: docs/model/domain.yaml | G3: 工程02 ドメインモデリング。承認済み要件の言葉から docs/model/domain.yaml（用語集兼モデル）を作成・更新する。「モデルを作って」「用語を整理」や、実装中に新しい概念が出たときに使う。
A4: /p3-design | B4: 工程 | C4: 03 設計 | D4: 5–8 | E4: 承認済み要件の設計 | F4: docs/design/REQ-xxx.md, docs/adr/ | G4: 工程03 設計。承認済み要件ごとに docs/design/REQ-xxx.md（ユースケース・外部契約・永続化・異常系）を書き、判断を ADR に残す。
A5: /p4-impl | B5: 工程 | C5: 04 実装 | D5: 1–3, 5 | E5: コードを書くとき（必須） | F5: コード＋ドメイン単体テスト | G5: 工程04 実装。設計に沿ってコードを書く。値オブジェクト・完全コンストラクタ・ファーストクラスコレクション・区分/状態・仕様オブジェクトの実装パターンを言語別に参照する。コードを書くときは必ず使う。 | H5: patterns-csharp.md, patterns-go.md, patterns-java.md, patterns-php.md, patterns-python.md, patterns-ruby.md, patterns-typescript.md, patterns.md
A6: /p5-test | B6: 工程 | C6: 05 テスト | D6: 9 | E6: テスト作成・受入基準の紐付け | F6: テストコード | G6: 工程05 テスト。受入基準・業務ルールからテストを設計・実装し、全受入基準をテストに紐付ける。「テストを書いて」「受入テスト」「カバレッジ」で使う。
A7: /p6-release | B7: 工程 | C7: 06 リリース | D7: 8–9 | E7: 「リリースして」「タグを切って」 | F7: docs/releases/vX.Y.Z.md, タグ | G7: 工程06 リリース。verify 実行・リリースノート作成・マイグレーション確認・タグ付け/公開までを行う。「リリースして」「タグを切って」「publish して」「本番に出す」で使う。
A8: /domain-discovery | B8: 補助 | C8: 01–02 の前段 | D8: 4 | E8: 業務理解、ヒアリング準備、資料から用語抽出 | F8: docs/model/glossary-inbox.md | G8: 業務知識の引き出しとドメインオブジェクトの発見（4章）。業務担当者へのヒアリング準備・議事メモの整理・資料からの用語抽出・ヒト/モノ/コトの分類・言葉のあいまいさの具体化に使う。要件定義(/p1-req)やモデリング(/p2-model)の前段で、「業務を理解したい」「ヒアリング項目を作って」「この資料から用語を拾って」などで使う。 | H8: questions.md, vocabulary.md
A9: /ui-design | B9: 補助 | C9: 03 設計 / 04 実装 | D9: 7 | E9: 画面設計、表示ロジックの置き場所 | F9: design.md 画面節 | G9: 画面とドメインオブジェクトの設計を連動させる（7章）。画面設計・画面の分割・項目の並び/グルーピング・状態ごとの表示・フロントエンドの実装方針・ヘルプ/マニュアルの整合に使う。「画面を設計して」「この画面が複雑」「表示ロジックをどこに書くか」で使う。
A10: /api-design | B10: 補助 | C10: 03 設計 / 04 実装 | D10: 8 | E10: API設計、他システム連携 | F10: design.md 契約節, OpenAPI | G10: アプリケーション間連携と Web API の設計（8章）。連携方式の選択（ファイル/DB共有/Web API/メッセージング）、エンドポイント・ステータスコード・エラー形式、OpenAPI での合意、バージョン管理、ドメインオブジェクトとデータ形式の変換に使う。「API を設計して」「他システムと連携」「外部連携の方式」で使う。
A11: /db-design | B11: 補助 | C11: 03 設計 / 04 実装 | D11: 6 | E11: テーブル設計、マイグレーション作成 | F11: design.md 永続化節, マイグレーション | G11: データベース設計とドメインオブジェクトのマッピング（6章）。テーブル設計・マイグレーション作成・制約・履歴/イベントの記録・状態や残高の導出・オブジェクトとテーブルの変換方針に使う。「テーブルを設計して」「マイグレーションを書いて」「このテーブルが複雑」で使う。
A12: /refactor | B12: 補助 | C12: 保守・改善 | D12: 1–3, 10 | E12: 既存コードの改善、読みにくいコード | F12: 小さなコミットの連続 | G12: 既存コードを少しずつオブジェクト指向らしく改善する（10章・1〜3章）。長いメソッド・巨大クラス・重複コード・データクラス+手続き的サービスの改善、既存システムへのハーネス導入後の段階的改善に使う。「リファクタリングして」「このコードを整理」「読みにくい」で使う。
A13: /project-management | B13: 補助 | C13: 管理 | D13: 9 | E13: 進捗報告、見積もり、ドキュメント方針 | F13: 報告内容, docs/overview.md | G13: ドメインモデル中心の開発のマネジメント（9章）。進捗報告・見積もり・品質保証の説明・ドキュメント方針・体制の相談に使う。「進捗をまとめて」「見積もって」「どのドキュメントを残すか」「顧客への報告」で使う。

Sheet エージェント一覧
A1: エージェント | B1: 役割 | C1: 使う場面 | D1: 使えるツール | E1: ファイル変更
A2: design-coach | B2: 指摘の意味を Before/After と変更箇所の数で説明（教育） | C2: 「なぜダメ？」、チームへの説明、学習 | D2: Read, Grep, Glob, Bash | E2: 不可（読み取り専用）
A3: design-reviewer | B3: 原則 P01–P35 に基づく独立レビュー（指摘表） | C3: 各工程の終わり、PR 前、リリース前 | D3: Read, Grep, Glob, Bash | E3: 不可（読み取り専用）
A4: domain-modeler | B4: 要件の言葉から用語集（domain.yaml）を作成・更新 | C4: 工程02、実装中に新しい概念・用語のずれが出たとき | D4: Read, Grep, Glob, Edit, Write, Bash | E4: 可（domain.yaml）
A5: test-designer | B5: 受入基準・非機能要件・業務ルールからテストを設計・実装 | C5: 工程05、ドメイン実装と同時の単体テスト | D5: Read, Grep, Glob, Edit, Write, Bash | E5: 可（テストコード）

Sheet フック一覧
A1: enforcement の値: deny=拒否 / ask=ユーザー確認 / warn=通して警告 / off=無効（lint_errors は block / warn）
A3: フック | B3: タイミング | C3: 何をするか | D3: 止め方 | E3: 強さの設定（harness.yaml の enforcement）
A4: SessionStart | B4: セッション開始時 | C4: 現在の工程・要件承認数・用語数・受入基準の紐付け・エラー数を表示 | D4: —（表示のみ） | E4: —
A5: PreToolUse（Edit/Write） | B5: ファイル書き込み前 | C5: 工程ゲート（承認済み要件・用語集の有無）、モデル先行（用語集に無いトップレベル型を domain に作らせない）、要件の承認はユーザー（approved への変更は確認）、ハーネス・ベースラインの保護 | D5: 拒否 / 確認 | E5: phase_gate, model_first, approval, protect
A6: PreToolUse（Bash） | B6: コマンド実行前 | C6: リリースゲート（git tag・タグの push・gh release・npm publish・mvn deploy 等）：verify 成功 @HEAD、未追跡含めクリーン、リリースノート／Bash でのソース・要件の書き換え防止（Edit/Write を使わせる）／保護対象の書き換え・harness baseline・init --force はユーザー確認 | D6: 拒否 / 確認 | E6: release, bash_writes, protect
A7: PostToolUse（Edit/Write） | B7: ファイル書き込み直後 | C7: 言語パックのルール・組み込みチェック・依存方向・SQL 検査。warn モードのゲート警告もここで伝える | D7: ブロック（修正させる）/ 警告 | E7: lint_errors
A8: Stop | B8: Claude が作業を終える時 | C8: trace の整合性エラーがあれば一度だけ終了を止める（無限ループ防止付き） | D8: ブロック | E8: stop_check

Sheet 原則一覧
A1: ID | B1: 分類 | C1: 章 | D1: 原則 | E1: 強制手段 | F1: 自動チェックルール数
A2: P01 | B2: 小さくまとめてわかりやすくする | C2: 1章 | D2: 名前は業務の言葉で、省略せずに付ける（a・qty ではなく quantity）。Manager / Util / Info / Data のような「何でも入る」名前を避ける | E2: lint / レビュー | F2: =COUNTIF(ルール一覧!$D:$D,A2) -> 3
A3: P02 | B3: 小さくまとめてわかりやすくする | C3: 1章 | D3: メソッドは短く、クラスは小さく。長い処理は「段落」に分けて目的ごとのメソッドにする。変数は目的ごとに用意し使い回さない。意味のある数値（送料 500 など）は名前の付いた定数・値にする | E3: lint / レビュー | F3: =COUNTIF(ルール一覧!$D:$D,A3) -> 5
A4: P03 | B4: 小さくまとめてわかりやすくする | C4: 1章 | D4: 同じ業務ルールを複数箇所に書かない。変更が1か所で済む置き場所を決める。共通ライブラリ（Util）に業務ロジックを集めない | E4: lint / レビュー | F4: =COUNTIF(ルール一覧!$D:$D,A4) -> 0
A5: P04 | B5: 小さくまとめてわかりやすくする | C5: 1章 | D5: 計算・判断のロジックは、そのデータを持つクラスに置く（データとロジックを一緒にする）。使う側のクラスに業務ロジックを書き始めたら設計を見直す | E5: lint / レビュー | F5: =COUNTIF(ルール一覧!$D:$D,A5) -> 1
A6: P05 | B6: ドメインオブジェクト | C6: 1–3章 | D6: int / String / BigDecimal をそのまま業務の値に使わない。業務上の桁数・範囲を持つ値（数量・金額・電話番号など）は値オブジェクトにして型で区別する | E6: lint / レビュー | F6: =COUNTIF(ルール一覧!$D:$D,A6) -> 4
A7: P06 | B7: ドメインオブジェクト | C7: 1–3章 | D7: 値オブジェクトは不変。変更は「新しいオブジェクトを返す」で表現する | E7: lint / レビュー | F7: =COUNTIF(ルール一覧!$D:$D,A7) -> 11
A8: P07 | B8: ドメインオブジェクト | C8: 1–3章 | D8: 完全コンストラクタ：生成時に必要な値をすべて受け取り不変条件を検証する。不正な状態のオブジェクトを存在させない | E8: trace / レビュー | F8: =COUNTIF(ルール一覧!$D:$D,A8) -> 1
A9: P08 | B9: ドメインオブジェクト | C9: 1–3章 | D9: コレクションは専用クラスで包む（ファーストクラスコレクション）。コレクションの操作は業務の関心事として名前を付ける | E9: lint / レビュー | F9: =COUNTIF(ルール一覧!$D:$D,A9) -> 1
A10: P09 | B10: ドメインオブジェクト | C10: 1–3章 | D10: 区分ごとに変わる振る舞いは区分オブジェクト（enum 等）に持たせ、区分ごとのクラスを同じ型として扱う。if/switch を散在させない | E10: lint / trace / レビュー | F10: =COUNTIF(ルール一覧!$D:$D,A10) -> 9
A11: P10 | B11: ドメインオブジェクト | C11: 1–3章 | D11: 状態と遷移ルールは enum 等で表現し、「遷移できるか」を状態自身に判断させる | E11: trace / レビュー | F11: =COUNTIF(ルール一覧!$D:$D,A11) -> 0
A12: P11 | B12: ドメインオブジェクト | C12: 1–3章 | D12: 判断・加工の条件は名前の付いたメソッドや業務ルールオブジェクト（仕様）に切り出す | E12: レビュー | F12: =COUNTIF(ルール一覧!$D:$D,A12) -> 0
A13: P12 | B13: ドメインオブジェクト | C13: 1–3章 | D13: 尋ねるな、命じよ。getter で値を取り出して外で判断しない。setter を作らず、変更は業務の言葉のメソッドで | E13: lint / レビュー | F13: =COUNTIF(ルール一覧!$D:$D,A13) -> 17
... A36: P35 | B36: 開発プロセス | C36: 9–10章 | D36: 設計は一度で完成させず、少しずつ改良し続ける。リファクタリングは部分的に小さく、テストで守りながら行う。変更のたびに変更しやすくする | E36: スキル / レビュー | F36: =COUNTIF(ルール一覧!$D:$D,A36) -> 0

Sheet ルール一覧
A1: 重大度: エラー=書き込み直後にブロックして修正させる / 警告=Claude に伝える。calisthenics は profiles 有効時のみ。例外は ADR を書いて harness-allow: Pxx ADR-xxxx
A3: ルールID | B3: パック | C3: 対象言語 | D3: 原則 | E3: 重大度 | F3: 対象レイヤ | G3: 検出内容・メッセージ | H3: プロファイル
A4: builtin.vague-name | B4: 組み込み | C4: 全言語 | D4: P01 | E4: 警告 | F4: 全レイヤ | G4: 型名が Manager/Util/Info/Data 等で曖昧 | H4: 標準
A5: builtin.file-length | B5: 組み込み | C5: 全言語 | D5: P02 | E5: 警告 | F5: 全レイヤ | G5: ファイルが長い（既定200行、アプリ層120行） | H5: 標準
A6: builtin.function-length | B6: 組み込み | C6: 全言語 | D6: P02 | E6: 警告 | F6: 全レイヤ | G6: 関数が長い（既定20行） | H6: 標準
A7: builtin.primitive-params | B7: 組み込み | C7: 全言語 | D7: P05 | E7: 警告 | F7: ドメイン | G7: 基本データ型の引数が多い | H7: 標準
A8: sql.flag | B8: 組み込み | C8: SQL | D8: P09 | E8: 警告 | F8: マイグレーション | G8: フラグカラム（区分・状態コードで表現） | H8: 標準
A9: arch.domain-purity | B9: 組み込み | C9: 全言語 | D9: P16 | E9: エラー | F9: ドメイン | G9: ドメインからフレームワーク/ORM/通信ライブラリへの依存 | H9: 標準
A10: arch.layer | B10: 組み込み | C10: 全言語 | D10: P16 | E10: エラー | F10: 全レイヤ | G10: 許可されていないレイヤ間の依存（import 解析・全言語） | H10: 標準
A11: sql.missing-fk | B11: 組み込み | C11: SQL | D11: P17 | E11: 警告 | F11: マイグレーション | G11: xxx_id に外部キー制約が無い | H11: 標準
A12: sql.nullable | B12: 組み込み | C12: SQL | D12: P17 | E12: 警告 | F12: マイグレーション | G12: NULL 許容カラム（-- nullable: 理由 で許可） | H12: 標準
A13: sql.drop | B13: 組み込み | C13: SQL | D13: P18 | E13: エラー | F13: マイグレーション | G13: DROP TABLE/COLUMN（ADR とロールバック手順が必要） | H13: 標準
A14: sql.overwrite | B14: 組み込み | C14: SQL | D14: P18 | E14: 警告 | F14: マイグレーション | G14: マイグレーションでの UPDATE/DELETE | H14: 標準
... A95: calisthenics.one-dot | B95: calisthenics | C95: java, kotlin, typescript, csharp, php | D95: P12 | E95: 警告 | F95: ドメイン・アプリ | G95: 規則5「1行につきドットは1つ」。他のオブジェクトの中身をたどらず、直接の相手に命じる | H95: calisthenics

Sheet 言語別集計
A1: パック | B1: 対象 | C1: エラー | D1: 警告 | E1: 合計
A2: 組み込み | B2: 全言語共通の組み込み（長さ・引数・ネスト・依存方向・SQL） | C2: =COUNTIFS(ルール一覧!$B:$B,A2,ルール一覧!$E:$E,"エラー") -> 3 | D2: =COUNTIFS(ルール一覧!$B:$B,A2,ルール一覧!$E:$E,"警告") -> 13 | E2: =C2+D2 -> 16
A3: common | B3: 全言語共通ルール | C3: =COUNTIFS(ルール一覧!$B:$B,A3,ルール一覧!$E:$E,"エラー") -> 0 | D3: =COUNTIFS(ルール一覧!$B:$B,A3,ルール一覧!$E:$E,"警告") -> 10 | E3: =C3+D3 -> 10
A4: java | B4: Java | C4: =COUNTIFS(ルール一覧!$B:$B,A4,ルール一覧!$E:$E,"エラー") -> 5 | D4: =COUNTIFS(ルール一覧!$B:$B,A4,ルール一覧!$E:$E,"警告") -> 5 | E4: =C4+D4 -> 10
A5: kotlin | B5: Kotlin | C5: =COUNTIFS(ルール一覧!$B:$B,A5,ルール一覧!$E:$E,"エラー") -> 4 | D5: =COUNTIFS(ルール一覧!$B:$B,A5,ルール一覧!$E:$E,"警告") -> 3 | E5: =C5+D5 -> 7
A6: typescript | B6: TypeScript / JavaScript | C6: =COUNTIFS(ルール一覧!$B:$B,A6,ルール一覧!$E:$E,"エラー") -> 5 | D6: =COUNTIFS(ルール一覧!$B:$B,A6,ルール一覧!$E:$E,"警告") -> 5 | E6: =C6+D6 -> 10
A7: python | B7: Python | C7: =COUNTIFS(ルール一覧!$B:$B,A7,ルール一覧!$E:$E,"エラー") -> 3 | D7: =COUNTIFS(ルール一覧!$B:$B,A7,ルール一覧!$E:$E,"警告") -> 4 | E7: =C7+D7 -> 7
A8: go | B8: Go | C8: =COUNTIFS(ルール一覧!$B:$B,A8,ルール一覧!$E:$E,"エラー") -> 3 | D8: =COUNTIFS(ルール一覧!$B:$B,A8,ルール一覧!$E:$E,"警告") -> 4 | E8: =C8+D8 -> 7
A9: csharp | B9: C# | C9: =COUNTIFS(ルール一覧!$B:$B,A9,ルール一覧!$E:$E,"エラー") -> 5 | D9: =COUNTIFS(ルール一覧!$B:$B,A9,ルール一覧!$E:$E,"警告") -> 2 | E9: =C9+D9 -> 7
A10: php | B10: PHP | C10: =COUNTIFS(ルール一覧!$B:$B,A10,ルール一覧!$E:$E,"エラー") -> 5 | D10: =COUNTIFS(ルール一覧!$B:$B,A10,ルール一覧!$E:$E,"警告") -> 2 | E10: =C10+D10 -> 7
A11: ruby | B11: Ruby | C11: =COUNTIFS(ルール一覧!$B:$B,A11,ルール一覧!$E:$E,"エラー") -> 4 | D11: =COUNTIFS(ルール一覧!$B:$B,A11,ルール一覧!$E:$E,"警告") -> 3 | E11: =C11+D11 -> 7
A12: calisthenics | B12: 過激なコーディング規則（任意） | C12: =COUNTIFS(ルール一覧!$B:$B,A12,ルール一覧!$E:$E,"エラー") -> 2 | D12: =COUNTIFS(ルール一覧!$B:$B,A12,ルール一覧!$E:$E,"警告") -> 2 | E12: =C12+D12 -> 4
A13: 合計 | C13: =SUM(C2:C12) -> 39 | D13: =SUM(D2:D12) -> 53 | E13: =SUM(E2:E12) -> 92
A15: ※ 組み込みと common は全言語に適用される。各言語で実際に効くルール数 = 組み込み＋common（対象言語に該当するもの）＋その言語のパック。

Sheet コマンド一覧
A1: 実行: python3 .claude/harness/harness.py <コマンド>（Windows は python または py）
A3: コマンド（harness の後） | B3: 内容 | C3: 使う場面
A4: init [--mode strict|legacy] [--force] | B4: スタック検出 → harness.yaml 生成 | C4: 導入時
A5: status | B5: 現在の工程と整合性サマリ | C5: 随時
A6: check [--strict] [--changed REF] | B6: trace＋lint＋依存方向の全検査（CI 用） | C6: 実装後・PR 前
A7: lint <file>... | B7: 指定ファイルの設計原則チェック | C7: 実装中
A8: trace [--strict] | B8: 要件⇄用語集⇄設計⇄コード⇄テストの整合性 | C8: 要件・モデル作成時
A9: verify | B9: check --strict＋各スタックのビルド/テスト → リリースゲート記録 | C9: リリース前
A10: overview | B10: docs/overview.md（モデル図・状態遷移・要件×テスト・進捗）を生成 | C10: 報告・リリース前
A11: baseline | B11: 現状の違反を .harness-baseline.json に凍結 | C11: 既存アプリ導入時
A12: scaffold-model | B12: domain の型を用語集に下書き登録（todo） | C12: 既存アプリ導入時
A13: explain <P番号> | B13: 原則の要約を表示 | C13: 指摘の意味を知りたいとき
A14: selftest | B14: ルールパックの自己テスト（good/bad フィクスチャ） | C14: ルール追加・変更時
A15: hook <session|pre|post|stop> | B15: Claude Code フックの入口（手で実行しない） | C15: —

Sheet 設定項目
A1: プロジェクト固有の値はルートの harness.yaml に書く（.claude/harness/defaults.yaml を上書き）
A3: キー | B3: 内容 | C3: 既定値
A4: languages | B4: 有効な言語パック（空なら拡張子で自動判定） | C4: （空）
A5: docs | B5: 要件・用語集・設計・ADR・リリースノートの置き場所 | C5: requirements: docs/requirements, model: docs/model/domain.yaml, design: docs/design, adr: docs/adr, releases: docs/releases
A6: source.exclude_dirs | B6: 検査対象外のディレクトリ | C6: node_modules, vendor, target, build, dist, out, bin, obj, .git, .venv, venv, env, __pycache__, .next, .nuxt, .gradle, .idea, .vscode, .claude, .harness, docs, coverage, tmp, log
A7: source.test_patterns | B7: テストファイルとみなすパターン | C7: **/test/**, **/tests/**, **/__tests__/**, **/spec/**, **/e2e/**, **/*_test.*, **/*_spec.*, **/*.test.*, **/*.spec.*, **/test_*.py, **/*Test.*, **/*Tests.*, **/*.Tests/**
A8: source.migration_patterns | B8: マイグレーション SQL のパターン | C8: **/migration/**/*.sql, **/migrations/**/*.sql, **/db/migrate/**/*.sql, **/schema*.sql
A9: architecture.layers | B9: レイヤ判定（ディレクトリ名 segments / glob の paths） | C9: domain: segments: domain, application: segments: application, usecase, usecases, use_cases, service, services, presentation: segments: presentation, controller, controllers, web…
A10: architecture.allowed | B10: レイヤ間で依存してよい方向 | C10: presentation: application, domain, application: domain, infrastructure: application, domain, domain: （空）
A11: architecture.internal_prefixes | B11: 自プロジェクトの import 接頭辞（init が検出） | C11: （空）
A12: architecture.aliases | B12: import エイリアス → 実パス（tsconfig の paths から init が検出）
A13: source.gate_exempt_patterns | B13: 工程ゲート・モデル先行・lint の対象外（設定ファイル・スクリプト） | C13: **/*.config.*, **/.*rc, **/.*rc.*, **/*.gradle.kts, **/*.d.ts, scripts/**, tools/**, **/scripts/**
A14: limits | B14: 関数行数・ファイル行数・引数数・ネスト段数・getter 数などの閾値 | C14: function_lines: 20, file_lines: 200, app_file_lines: 120, getter_warn: 3, primitive_params_warn: 2, params_warn: 3, nesting_depth: 2, instance_vars: 99
A15: enforcement | B15: 各ゲートの強さ（deny / ask / warn / off、lint は block / warn）。approval=要件承認、bash_writes=Bash での書き換え | C15: phase_gate: deny, model_first: deny, protect: ask, release: deny, lint_errors: block, stop_check: block, approval: ask, bash_writes: deny
A16: profiles | B16: 追加プロファイル（calisthenics = 過激なコーディング規則） | C16: （空）
A17: technical_package_names | B17: domain 配下で禁止する技術種別パッケージ名 | C17: dto, dtos, entity, entities, model, models, vo, vos, bean, beans, util, utils, helper, helpers, common, constant, constants, enum, enums, type, types, interface, interfaces, imp…
A18: principles.disabled | B18: 適用しない原則（DB 無しなら P17–P19 など） | C18: （空）
A19: glossary.allow_names | B19: 用語集外でも domain に置ける型名 | C19: （空）
A20: glossary.allow_suffixes | B20: <用語>+接尾辞 を許可（Repository 等） | C20: Repository, Factory, Exception, Error, Id
A21: verify.steps | B21: verify で実行するビルド/テスト（init が生成） | C21: （空）
A22: protected | B22: 変更時にユーザー確認を求めるハーネス自身のファイル | C22: .claude/harness/, .claude/settings.json, harness.yaml, docs/principles.md, .github/workflows/, .harness-baseline.json

Sheet 書籍対応表
A1: 凡例: P=原則 / L=lint ルールID / T=trace / G=gate / /=スキル / @=エージェント / tpl=テンプレート
A3: 章 | B3: 目次の項目 | C3: ハーネスでの対応
A4: 第1章 小さくまとめてわかりやすくする | B4: 変更が大変なプログラムの特徴（長いメソッド・大きいクラス・多い引数） | C4: P02 P25 / L builtin.function-length builtin.file-length builtin.too-many-params
A5: 第1章 小さくまとめてわかりやすくする | B5: 変更するたびに変更が大変になる | C5: P35 / /refactor
A6: 第1章 小さくまとめてわかりやすくする | B6: わかりやすい名前を使う（a → qty → quantity） | C6: P01 / L common.abbreviation common.single-letter builtin.vague-name
A7: 第1章 小さくまとめてわかりやすくする | B7: 長いメソッドを「段落」に分ける・目的ごとに変数・メソッドとして独立 | C7: P02 / /refactor 段階2 / L builtin.function-length
A8: 第1章 小さくまとめてわかりやすくする | B8: 送料 500 のような埋め込み値 | C8: P02 / L common.magic-number
A9: 第1章 小さくまとめてわかりやすくする | B9: 異なるクラスの重複したコードをなくす | C9: P03 / @design-reviewer / /refactor 段階9
A10: 第1章 小さくまとめてわかりやすくする | B10: 狭い関心事に特化したクラス・小さなクラス | C10: P02 / L builtin.file-length
A11: 第1章 小さくまとめてわかりやすくする | B11: 基本データ型の落とし穴・業務上の桁数・値の範囲（電話番号は String ではない） | C11: P05 P07 / L builtin.primitive-params ts.any python.dict-domain / T 値の invariants
A12: 第1章 小さくまとめてわかりやすくする | B12: 値を扱う専用クラス・値オブジェクトは不変 | C12: P05 P06 / L *.mutable-* *.setter / references/patterns-*.md
A13: 第1章 小さくまとめてわかりやすくする | B13: 型を使って安全にする・複雑さを閉じ込める | C13: P05 P13
A14: 第1章 小さくまとめてわかりやすくする | B14: 配列やコレクションを専用クラスに閉じ込める・コレクションは業務の関心事 | C14: P08 / L java.raw-collection-field / T kind: collection
... A86: 第10章 オブジェクト指向設計の学び方と教え方 | B86: オブジェクト指向の考え方を理解する（参考文献） | C86: @design-coach の教える順序

Sheet ファイル構成
A1: パス | B1: 内容
A2: CHANGELOG.md | B2: 変更履歴（レビュー対応の内容）
A3: CLAUDE.md | B3: Claude への常設指示（設計思想・工程・絶対ルール・コマンド）
A4: README.md | B4: ハーネスの説明・導入・設定・独自ルールの書き方
A5: BOOK_COVERAGE.md | B5: 書籍の目次とハーネスの対応表
A6: .claude/settings.json | B6: 権限（allow/ask/deny）とフックの登録
A7: .claude/harness/harness.py | B7: CLI 本体（フックの入口を兼ねる）
A8: .claude/harness/defaults.yaml | B8: 設定の既定値（harness.yaml で上書き）
A9: .claude/harness/lib/ | B9: core（設定・判定）/ lang（言語仕様）/ rules（ルールエンジン・依存方向）/ gate / trace / verify / init / overview / selftest
A10: .claude/harness/rules/*.yaml | B10: 言語パック（common, java, kotlin, typescript, python, go, csharp, php, ruby）
A11: .claude/harness/rules/profiles/calisthenics.yaml | B11: 過激なコーディング規則プロファイル
A12: .claude/harness/templates/ | B12: principles.md / requirement.yaml / domain.yaml / design.md / adr.md / release-note.md
... A21: .harness-baseline.json（生成） | B21: 凍結した既存違反（コミットする）
